key,vlm_p_yes
community_v1/Bartm3/dice2/119,0.014063628390431404
community_v1/CSCSXX/pick_place_cube_1.18/6,0.004070145543664694
community_v1/CSCSXX/pick_place_cube_1.18/13,0.003172723576426506
community_v1/CSCSXX/pick_place_cube_1.18/18,0.04742593690752983
community_v1/Chojins/chess_game_001_blue_stereo/439,0.006693038158118725
community_v1/Chojins/chess_game_001_red_stereo/280,0.005220271646976471
community_v1/FeiYjf/new_GtoR/206,0.017987705767154694
community_v1/FeiYjf/new_GtoR/343,0.04743005335330963
community_v1/FeiYjf/new_GtoR/349,0.06009206548333168
community_v1/HITHY/so100_strawberry/59,0.00015843863366171718
community_v1/bensprenger/right_arm_p_brick_in_box_with_y_noise_v0/39,0.9914224743843079
community_v1/jlesein/TestBoulon7/56,0.022978831082582474
community_v1/jlesein/TestBoulon7/135,0.437835156917572
community_v1/koenvanwijk/orange50-variation-2/25,0.006693412084132433
community_v1/lirislab/put_coffee_cap_teabox/39,0.0005527807516045868
community_v1/lirislab/red_cube_into_blue_cube/9,0.9999971389770508
community_v1/pandaRQ/pick_med_1/63,0.731058657169342
community_v1/pranavsaroha/so100_legos4/10,0.006693282164633274
community_v1/roboticshack/team-7-left-arm-grasp-motor/57,0.14808009564876556
community_v1/roboticshack/team13-three-balls-stacking/83,0.005220474675297737
community_v1/roboticshack/team16-water-pouring/14,0.0007097144261933863
community_v1/roboticshack/team9-pick_chicken_place_plate/62,0.003172732889652252
community_v1/samanthalhy/so100_herding_1/43,0.22270537912845612
community_v1/sixpigs1/so100_stack_cube_error/9,9.610296547180042e-05
community_v1/triton7777/so100_dataset_mix/59,0.9995694756507874
community_v2/1g0rrr/offline_dataset_name2/19,0.03732796758413315
community_v2/1g0rrr/sam_openpi_solder1/5,0.03732774406671524
community_v2/Chojins/chess_game_002_white/32,0.0005527812754735351
community_v2/Odog16/so100_tea_towel_folding_v1/73,0.006693015340715647
community_v2/Ofiroz91/so_100_cube2bowl/29,9.610250708647072e-05
community_v2/Zak-Y/so100_three_cameras_dataset/5,0.0004305622132960707
community_v2/acrampette/third_arm_02/96,0.002472710097208619
community_v2/acrampette/third_arm_02/102,7.48490056139417e-05
community_v2/acrampette/third_arm_02/106,3.5357195883989334e-05
community_v2/andreasBihlmaier/dual_arm_transfer_2025_02_16/9,0.43782907724380493
community_v2/andy309/so100_0311_1152/3,0.014063792303204536
community_v2/jlitch/so100multicam3/19,0.014066014438867569
community_v2/jlitch/so100multicam6/15,0.004070586524903774
community_v2/kantine/domotic_groceriesSorting_expert/15,2.7547115678316914e-05
community_v2/lirislab/green_lego_block_into_mug/24,0.9990890026092529
community_v2/liuhuanjim013/so100_block/110,0.0024726700503379107
community_v2/liuhuanjim013/so100_block/126,0.09535117447376251
community_v2/liuhuanjim013/so100_th_1/147,0.0011695281136780977
community_v2/nguyen-v/so100_rotate_red_button/3,0.1480516493320465
community_v2/pengjunkun/so100_push_to_hole/7,0.022977804765105247
community_v2/roboticshack/team10-red-block/14,0.32082217931747437
community_v2/sihyun77/suho_red/10,0.03732740879058838
community_v2/sixpigs1/so100_pick_cube_in_box_error/71,0.9997387528419495
community_v2/sixpigs1/so100_push_cube_error/33,0.003172737080603838
taco_play/291,0.3208279609680176
taco_play/420,0.004070166498422623
taco_play/1227,0.3208233416080475
taco_play/1268,0.11920371651649475
taco_play/1555,0.06008724495768547
taco_play/1633,0.022977562621235847
taco_play/1652,0.04742618650197983
taco_play/1740,0.22270146012306213
taco_play/2046,0.017986349761486053
taco_play/2068,0.5621776580810547
taco_play/2078,0.0031727084424346685
taco_play/2090,0.0019267430761829019
taco_play/2291,0.017986278980970383
taco_play/2348,0.6224607229232788
taco_play/2355,0.005220155231654644
taco_play/2395,0.01798662357032299
taco_play/2488,0.5621788501739502
taco_play/2542,0.0011695241555571556
taco_play/2597,0.26894325017929077
taco_play/3003,0.006692897994071245
taco_play/3065,0.0031726963352411985
taco_play/3313,0.00857754610478878
taco_play/3428,0.8175749778747559
taco_play/3479,0.0024726761039346457
taco_play/3531,0.14804835617542267
jaco_play/60,0.9999785423278809
jaco_play/61,0.029312346130609512
jaco_play/185,0.9241418838500977
jaco_play/352,0.4378241002559662
jaco_play/423,0.11920364201068878
jaco_play/426,0.977022647857666
jaco_play/445,0.7773005366325378
jaco_play/492,0.43782445788383484
jaco_play/600,0.9241418242454529
jaco_play/608,0.9399133324623108
jaco_play/617,0.11920341849327087
jaco_play/657,0.9959298968315125
jaco_play/796,0.9988304972648621
jaco_play/817,0.9890130758285522
jaco_play/820,0.6224599480628967
jaco_play/844,0.9241418838500977
jaco_play/853,0.7310588359832764
jaco_play/904,0.9399133324623108
jaco_play/951,0.017986290156841278
jaco_play/961,0.977022647857666
jaco_play/970,0.6791789531707764
jaco_play/981,0.9241418242454529
jaco_play/993,0.047426044940948486
jaco_play/1025,0.8175754547119141
jaco_play/1050,0.22270044684410095
berkeley_autolab_ur5/39,0.014063641428947449
berkeley_autolab_ur5/75,0.0007096775225363672
berkeley_autolab_ur5/104,1.6701436834409833e-05
berkeley_autolab_ur5/113,0.001501185237430036
berkeley_autolab_ur5/133,0.01098695769906044
berkeley_autolab_ur5/175,0.0009110533865168691
berkeley_autolab_ur5/235,0.04742591083049774
berkeley_autolab_ur5/243,0.0011695119319483638
berkeley_autolab_ur5/300,0.06008702516555786
berkeley_autolab_ur5/356,0.04742595925927162
berkeley_autolab_ur5/374,0.014063687063753605
berkeley_autolab_ur5/438,0.0031726902816444635
berkeley_autolab_ur5/450,0.0031726842280477285
berkeley_autolab_ur5/457,0.0052201333455741405
berkeley_autolab_ur5/512,0.02931228093802929
berkeley_autolab_ur5/572,0.0019267421448603272
berkeley_autolab_ur5/581,0.001501187332905829
berkeley_autolab_ur5/614,0.03732702508568764
berkeley_autolab_ur5/674,7.48464444768615e-05
berkeley_autolab_ur5/716,0.002472630236297846
berkeley_autolab_ur5/857,0.037326935678720474
berkeley_autolab_ur5/884,4.5397911890177056e-05
berkeley_autolab_ur5/902,0.003172687254846096
berkeley_autolab_ur5/971,0.0007096714107319713
utaustin_mutex/51,0.18243291974067688
utaustin_mutex/52,0.14805342257022858
utaustin_mutex/182,0.0024731995072215796
utaustin_mutex/220,0.11921480298042297
utaustin_mutex/243,0.01798805594444275
utaustin_mutex/272,0.022978799417614937
utaustin_mutex/306,0.0005528426845557988
utaustin_mutex/582,0.3208383619785309
utaustin_mutex/653,0.017987960949540138
utaustin_mutex/663,0.00857791118323803
utaustin_mutex/672,0.14806559681892395
utaustin_mutex/686,0.005220623221248388
utaustin_mutex/763,0.029314180836081505
utaustin_mutex/925,9.610607958165929e-05
utaustin_mutex/953,0.0040704915300011635
utaustin_mutex/973,0.5622096657752991
utaustin_mutex/1041,0.060093000531196594
utaustin_mutex/1057,0.09535592049360275
utaustin_mutex/1151,0.001169542665593326
utaustin_mutex/1210,0.03733515366911888
utaustin_mutex/1365,0.00043059588642790914
utaustin_mutex/1392,0.029316458851099014
utaustin_mutex/1410,0.2689611613750458
utaustin_mutex/1452,0.017990408465266228
utaustin_mutex/1496,0.11920662224292755
roboturk/37,0.005220313556492329
roboturk/105,0.2689424455165863
roboturk/119,0.003172694705426693
roboturk/251,0.005220313556492329
roboturk/379,0.029312536120414734
roboturk/411,0.00015843652363400906
roboturk/495,0.00012339504610281438
roboturk/574,0.07585867494344711
roboturk/648,0.0953497514128685
roboturk/720,0.9241418838500977
roboturk/828,0.017987405881285667
roboturk/888,0.8175746202468872
roboturk/898,0.0001584402925800532
roboturk/936,0.037327855825424194
roboturk/961,0.0019267476163804531
roboturk/1018,0.04742603003978729
roboturk/1053,0.029312863945961
roboturk/1216,0.4378242790699005
roboturk/1311,0.09534991532564163
roboturk/1508,0.0015011915238574147
roboturk/1659,0.7772999405860901
roboturk/1684,0.037326984107494354
roboturk/1738,0.14804784953594208
roboturk/1950,0.02931276522576809
roboturk/1953,0.43782728910446167
fmb/41,0.5621799826622009
fmb/345,0.0015014297096058726
fmb/356,0.03732852265238762
fmb/496,0.8519540429115295
fmb/520,0.022978387773036957
fmb/530,0.11920439451932907
fmb/589,0.37754496932029724
fmb/633,0.5000025629997253
fmb/737,9.611369023332372e-05
fmb/788,0.029318662360310555
fmb/825,0.26894351840019226
fmb/892,0.03732777759432793
fmb/955,0.003173142671585083
fmb/1047,0.07586997747421265
fmb/1123,0.0019269291078671813
fmb/1227,0.977022647857666
fmb/1341,0.0007097756024450064
fmb/1429,0.5621896982192993
fmb/1443,0.0009111835388466716
fmb/1545,0.029314076527953148
fmb/1726,0.04742880165576935
fmb/1742,0.5621815919876099
fmb/1745,0.3775428533554077
fmb/1793,0.377551406621933
fmb/1797,0.00026122419512830675
