key,source,subset,episode_index,task,length,duration_s,fps,success_label,motion_from,live_dims,idle_start_frac,idle_end_frac,idle_start_s,idle_end_s,truncation,spike,jerk,robot,action_dim,state_dim,jerk_z,flag_idle,flag_truncation,flag_spike,flag_flailing,flag_any,flag_idle_start,flag_idle_end,label_id
community_v2/paszea/so100_whale_grab/35,community_v2,paszea/so100_whale_grab,35,Grasp a whale and put it in the plate.,898,29.933333333333334,30.0,,state,6,0.12138084632516703,0.4053452115812918,3.6333333333333333,12.133333333333335,0.0,2.0725365396778335,0.5456415456989863,so100,6,6,0.9720419512175856,True,False,False,False,True,True,True,idle00
community_v1/dragon-95/so100_sorting_2/144,community_v1,dragon-95/so100_sorting_2,144,Pick up the object from box A and place it in box B.,552,18.4,30.0,,state,6,0.20471014492753623,0.06702898550724638,3.766666666666666,1.2333333333333334,0.0,1.506544061576653,0.3909939205993018,so100,6,6,0.2306112330996547,True,False,False,False,True,True,False,idle01
community_v2/liuhuanjim013/so100_block/133,community_v2,liuhuanjim013/so100_block,133,Grasp a lego block and put it in the bin.,289,9.633333333333333,30.0,,state,6,0.13494809688581316,0.010380622837370242,1.3,0.09999999999999999,0.24653148058471186,1.1142857106068056,0.39170421049308213,so100,6,6,-0.017579306485030952,False,False,False,False,False,False,False,idle02
community_v1/paszea/so100_whale_2/6,community_v1,paszea/so100_whale_2,6,Grasp a whale and put it in the plate.,679,22.633333333333333,30.0,,state,6,0.12371134020618557,0.09425625920471281,2.8000000000000003,2.1333333333333333,0.0,4.113743276545543,0.6762614852124419,so100,6,6,2.871112131717842,False,False,False,False,False,False,False,idle03
community_v2/kantine/flip_A0/2,community_v2,kantine/flip_A0,2,Flip A0.,446,14.866666666666667,30.0,,state,5,0.16143497757847533,0.289237668161435,2.4,4.3,0.0,1.0666666495999992,0.2257991587802324,so100,6,6,-1.0841377584400371,True,False,False,False,True,False,True,idle04
community_v2/FeiYjf/Makalu_push/13,community_v2,FeiYjf/Makalu_push,13,Pick up the blue cube.,670,22.333333333333332,30.0,,state,5,0.09104477611940298,0.13582089552238805,2.033333333333333,3.0333333333333328,0.0,5.89655154114177,0.3661318087221015,so100,6,6,-0.18197732188021917,True,False,False,False,True,False,True,idle05
community_v1/ad330/cubePlace/41,community_v1,ad330/cubePlace,41,Grasp white cube and place it in the bowl.,300,10.0,30.0,,state,6,0.07666666666666666,0.39666666666666667,0.7666666666666666,3.966666666666667,0.0,1.1052631532409969,0.3029069100492674,so100,6,6,-0.5847419979253415,True,False,False,False,True,False,True,idle06
community_v2/samsam0510/tape_insert_1/78,community_v2,samsam0510/tape_insert_1,78,Grasp a red tape and put it on the box.,304,10.133333333333333,30.0,,state,6,0.05921052631578947,0.019736842105263157,0.6,0.19999999999999998,1.4365671311595105,1.8631839939511403,0.2845449178055327,so100,6,6,-0.7064772522765995,False,True,False,False,True,False,False,idle07
community_v1/FeiYjf/new_GtoR/320,community_v1,FeiYjf/new_GtoR,320,Move along the line on the paper from start to end.,283,9.433333333333334,30.0,,state,5,0.1625441696113074,0.11307420494699646,1.5333333333333332,1.0666666666666667,0.0,1.7404579945410605,0.42982319099340466,so100,6,6,0.590023714877453,False,False,False,False,False,False,False,idle08
community_v2/lirislab/guess_who_lighting/19,community_v2,lirislab/guess_who_lighting,19,Pick up the card from the shelf.,226,7.533333333333333,30.0,,state,5,0.1902654867256637,0.05752212389380531,1.4333333333333333,0.43333333333333335,0.0,1.9999999699999151,0.21690115440115834,so100,6,6,-1.141340608371695,False,False,False,False,False,False,False,idle09
community_v2/isadev/bougies2/45,community_v2,isadev/bougies2,45,grab the candle wick and place it in the tray.,826,27.533333333333335,30.0,,state,6,0.10774818401937046,0.07990314769975787,2.966666666666667,2.2,0.0,1.9781817663894068,0.3783244017546053,so100,6,6,-0.10359445761052642,False,False,False,False,False,False,False,idle10
community_v2/AaronNewman/screwdriver_task_batch2/7,community_v2,AaronNewman/screwdriver_task_batch2,7,"Grasp the screwdriver, and drop it in the box.",357,11.9,30.0,,state,6,0.12885154061624648,0.0,1.5333333333333332,0.0,3.0997150537933877,1.6950803444293823,0.4689374416213142,so100,6,6,0.4789321293100874,False,True,False,False,True,False,False,idle11
community_v1/dragon-95/so100_sorting_2/204,community_v1,dragon-95/so100_sorting_2,204,Pick up the object from box A and place it in box B.,1323,44.1,30.0,,state,6,0.07331821617535904,0.037037037037037035,3.233333333333334,1.6333333333333333,0.0,1.7021276306020645,0.43398258119052957,so100,6,6,0.6285239683784293,True,False,False,False,True,True,False,idle12
community_v1/bensprenger/chess_game_001_blue_stereo/68,community_v1,bensprenger/chess_game_001_blue_stereo,68,Move the blue chess pieces to the highlighted squares.,253,8.433333333333334,30.0,,state,6,0.05928853754940711,0.16996047430830039,0.5,1.4333333333333333,0.0,1.2235293956428939,0.40230923431036564,so100,6,6,0.33534832812386217,False,False,False,False,False,False,False,idle13
community_v1/samsam0510/tooth_extraction_4/67,community_v1,samsam0510/tooth_extraction_4,67,Extarct the molar and put it somewhere.,303,10.1,30.0,,state,6,0.15181518151815182,0.0033003300330033004,1.5333333333333334,0.03333333333333333,1.1134020492294645,1.0194174739136606,0.30204703173515424,so100,6,6,-0.5927012254813983,False,True,False,False,True,False,False,idle14
community_v2/liuhuanjim013/so100_th_1/10,community_v2,liuhuanjim013/so100_th_1,10,Grasp a lego figure and put it in the box.,549,18.3,30.0,,state,6,0.14025500910746813,0.11293260473588343,2.566666666666667,2.066666666666667,0.0,1.730666636206922,0.45477565617038274,so100,6,6,0.3878898625947424,False,False,False,False,False,False,False,idle15
community_v1/pierfabre/horse/10,community_v1,pierfabre/horse,10,Pick the horse and place it to the right.,536,17.866666666666667,30.0,,state,6,0.11007462686567164,0.22388059701492538,1.9666666666666668,4.0,0.0,1.1846153642035497,0.16813292392321352,so100,6,6,-1.8322404016040335,True,False,False,False,True,False,True,idle16
community_v1/roboticshack/team-7-right-arm-grasp-tape/96,community_v1,roboticshack/team-7-right-arm-grasp-tape,96,Grasp the tape and put it in the box.,597,19.9,30.0,,state,6,0.16917922948073702,0.1273031825795645,3.3666666666666663,2.533333333333333,0.0,3.245901400834999,0.5329342406275155,so100,6,6,1.5444428392022274,True,False,False,False,True,True,False,idle17
community_v1/Mohamedal/put_banana/18,community_v1,Mohamedal/put_banana,18,Put the banana in the red bowl.,629,20.966666666666665,30.0,,state,6,0.17170111287758347,0.10174880763116058,3.5999999999999996,2.1333333333333333,0.0,3.066666584888935,0.40362803922770785,so100,6,6,0.34755548379564927,True,False,False,False,True,True,False,idle18
community_v2/lirislab/guess_who_lighting/89,community_v2,lirislab/guess_who_lighting,89,Pick up the card from the shelf.,191,6.366666666666666,30.0,,state,5,0.010471204188481676,0.05235602094240838,0.06666666666666667,0.3333333333333333,0.0,1.333333320000024,0.23292872704637732,so100,6,6,-1.0383037032708895,False,False,False,False,False,False,False,idle19
community_v1/pranavsaroha/so100_onelego3/0,community_v1,pranavsaroha/so100_onelego3,0,Pick up the green LEGO block and place it in the green bowl.,490,16.333333333333332,30.0,,state,6,0.15510204081632653,0.02040816326530612,2.533333333333333,0.33333333333333326,0.12053571157364851,1.8461538205917127,0.38973286148542396,so100,6,6,0.21893858560493926,False,False,False,False,False,False,False,idle20
community_v2/Pi-robot/barbecue_flip/6,community_v2,Pi-robot/barbecue_flip,6,Pick up the orange cone and place it on the table.,447,14.9,30.0,,state,6,0.04697986577181208,0.22595078299776286,0.7000000000000001,3.3666666666666667,0.0,2.1398600231405114,0.18346279084287895,so100,6,6,-1.3563067525874526,True,False,False,False,True,False,True,idle21
community_v1/ZGGZZG/so100_drop0/16,community_v1,ZGGZZG/so100_drop0,16,Grasp a ball and put it in the hole.,664,22.133333333333333,30.0,,state,6,0.18373493975903615,0.05120481927710843,4.066666666666666,1.1333333333333333,0.0,2.0470587440553794,0.28650679460431844,so100,6,6,-0.7365451642914733,True,False,False,False,True,True,False,idle22
community_v2/danaaubakirova/so100_task_3/10,community_v2,danaaubakirova/so100_task_3,10,Pick up the blue cube and place it in the box.,293,9.766666666666667,30.0,,state,6,0.04436860068259386,0.17747440273037543,0.4333333333333334,1.7333333333333336,0.0,1.3402061606971578,0.2885621380416858,so100,6,6,-0.680651636046121,False,False,False,False,False,False,False,idle23
community_v2/francescocrivelli/carrot_eating/47,community_v2,francescocrivelli/carrot_eating,47,pick up carrot and bring to mouth,624,20.8,30.0,,state,6,0.21634615384615385,0.052884615384615384,4.5,1.1,0.0,3.0738519008440393,0.21291663110928194,so100,6,6,-1.1669560248408564,True,False,False,False,True,True,False,idle24
community_v2/danaaubakirova/so100_task_1/4,community_v2,danaaubakirova/so100_task_1,4,Pick up the cube and place it in the box.,301,10.033333333333333,30.0,,state,6,0.1893687707641196,0.1461794019933555,1.9,1.4666666666666668,0.0,1.844979858935918,0.4114250215084492,so100,6,6,0.10920042355147176,False,False,False,False,False,False,False,idle25
community_v1/sihyun77/sihyun_3_17_5/17,community_v1,sihyun77/sihyun_3_17_5,17,Grasp a lego block and put it in the bin.,1164,38.8,30.0,,state,6,0.05670103092783505,0.20017182130584193,2.1999999999999997,7.766666666666667,0.0,1.3713267870868076,0.2625819996666384,so100,6,6,-0.9579984606656031,True,False,False,False,True,False,True,idle26
community_v1/Bartm3/dice2/14,community_v1,Bartm3/dice2,14,Grasp a dice and put it in the bin.,323,10.766666666666667,30.0,,state,6,0.09287925696594428,0.08978328173374613,1.0000000000000002,0.9666666666666667,0.0,1.3702127365707806,0.2545194965174738,so100,6,6,-1.0326268077030656,False,False,False,False,False,False,False,idle27
community_v1/dragon-95/so100_sorting/28,community_v1,dragon-95/so100_sorting,28,Pick up the object from box A and place it in box B.,1394,27.88,50.0,,state,6,0.12625538020086083,0.047345767575322814,3.5199999999999996,1.32,0.0,1.555555538962967,0.3559322777069321,so100,6,6,-0.09392723901820839,True,False,False,False,True,True,False,idle28
community_v2/Cidoyi/so100_all_notes/18,community_v2,Cidoyi/so100_all_notes,18,Play LA,284,9.466666666666667,30.0,,state,6,0.007042253521126761,0.3345070422535211,0.06666666666666667,3.1666666666666665,0.0,2.9999998199999256,0.3514751785143156,so100,6,6,-0.27620081094159754,True,False,False,False,True,False,True,idle29
community_v2/andreasBihlmaier/dual_arm_transfer_2025_02_16/10,community_v2,andreasBihlmaier/dual_arm_transfer_2025_02_16,10,Transfer object between two arms,1180,39.333333333333336,30.0,,state,14,0.13644067796610168,0.02711864406779661,5.366666666666666,1.0666666666666667,0.0,3.0909089560330623,0.481542474462892,so100,14,14,0.5599664569303475,True,False,False,False,True,True,False,idle30
community_v2/liyitenga/so100_bi_giveme5/10,community_v2,liyitenga/so100_bi_giveme5,10,test1,125,4.166666666666667,30.0,,state,10,0.224,0.088,0.9333333333333335,0.3666666666666667,0.0,2.756961309333258,0.6842895927601813,so100,12,12,1.8633725340627594,False,False,False,False,False,False,False,idle31
community_v1/mikechambers/block_cup_14/37,community_v1,mikechambers/block_cup_14,37,Grasp a block and put it in a cup.,448,14.933333333333334,30.0,,state,6,0.05357142857142857,0.46651785714285715,0.7999999999999999,6.966666666666667,0.0,1.373981829382978,0.3318800331883402,so100,6,6,-0.3165602374498879,True,False,False,False,True,False,True,idle32
community_v2/zaringleb/so100_cube_5_linear/31,community_v2,zaringleb/so100_cube_5_linear,31,Grasp a lego block and put it in the bin.,269,8.966666666666667,30.0,,state,6,0.007434944237918215,0.11152416356877323,0.06666666666666667,1.0,0.0,3.130434684612495,0.6586643469843076,so100,6,6,1.6986347989334707,False,False,False,False,False,False,False,idle33
community_v2/DimiSch/so100_terra_50_2/8,community_v2,DimiSch/so100_terra_50_2,8,Grasp a lego block and put it in the bin.,2384,79.46666666666667,30.0,,state,6,0.022651006711409395,0.0,1.7999999999999998,0.0,1.2321428413010223,1.4272970433655985,0.3617670374065293,so100,6,6,-0.21003724946778704,False,True,False,False,True,False,False,idle34
community_v2/hkphoooey/throw_stuffie/38,community_v2,hkphoooey/throw_stuffie,38,Grab stuffed animal and throw it on the dot.,189,6.3,30.0,,state,6,0.10052910052910052,0.021164021164021163,0.6333333333333333,0.13333333333333333,0.2755102005393711,1.2751677681613478,0.3671610307301332,so100,6,6,-0.1753607335348308,False,False,False,False,False,False,False,idle35
community_v1/FeiYjf/new_GtoR/314,community_v1,FeiYjf/new_GtoR,314,Move along the line on the paper from start to end.,295,9.833333333333334,30.0,,state,5,0.17627118644067796,0.17288135593220338,1.7333333333333334,1.7,0.0,1.0334547804789325,0.2901066366583631,so100,6,6,-0.7032242145666805,False,False,False,False,False,False,False,idle36
community_v1/NONHUMAN-RESEARCH/SOARM100_TASK_VENDA/70,community_v1,NONHUMAN-RESEARCH/SOARM100_TASK_VENDA,70,Pick up the object and place it in the box.,507,16.9,30.0,,state,6,0.0019723865877712033,0.5325443786982249,0.03333333333333333,9.0,0.0,1.2745129848884829,0.37095532340579,so100,6,6,0.045129459284004546,True,False,False,False,True,False,True,idle37
community_v2/nguyen-v/so100_bimanual_grab_lemon_put_in_box2/15,community_v2,nguyen-v/so100_bimanual_grab_lemon_put_in_box2,15,"Grab the lemon with the black arm, then give it to the green arm, then place the lemon in the cardboard box with the green arm.",993,33.1,30.0,,state,12,0.038267875125881166,0.09667673716012085,1.2666666666666666,3.2,0.0,1.8830839530897283,0.23804476053186263,so100,12,12,-1.005414115533239,True,False,False,False,True,False,True,idle38
community_v1/Odog16/so100_cube_stacking_v1/28,community_v1,Odog16/so100_cube_stacking_v1,28,"Stack the cubes in the following order from bottom to top: black, blue, then orange.",889,29.633333333333333,30.0,,state,6,0.4026996625421822,0.030371203599550055,11.933333333333332,0.8999999999999999,0.0,1.3999999888,0.3988206022554005,so100,6,6,0.30305676322556757,True,False,False,False,True,True,False,idle39
