key,source,subset,episode_index,task,length,duration_s,fps,success_label,motion_from,live_dims,idle_start_frac,idle_end_frac,idle_start_s,idle_end_s,truncation,spike,jerk,robot,action_dim,state_dim,jerk_z,flag_idle,flag_truncation,flag_spike,flag_flailing,flag_any,label_id
fmb/1401,fmb,,1401,Pick up the purple object.,338,33.8,10.0,,state,7,0.0029585798816568047,0.0029585798816568047,0.09999999999999999,0.09999999999999999,0.574338992132475,3.8190991735390183,3.28169149680354,franka,7,8,0.7964924663039613,False,False,False,False,False,c000
utaustin_mutex/1197,utaustin_mutex,,1197,"\nWith care, position your gripper close to the oven tray handle.\nMake sure to grip the handle tightly.\nDelicately and attentively pull the tray out from the oven.",175,8.75,20.0,,state,8,0.017142857142857144,0.0,0.15,0.0,0.05530597016511786,1.1757243989191606,43.12830599025608,franka,7,8,0.08415951717042067,False,False,False,False,False,c001
roboturk/967,roboturk,,967,create tower,165,16.5,10.0,,action,6,0.006060606060606061,0.0,0.1,0.0,0.9487013428585094,4.392827663750131,3.8234739107737865,sawyer,7,8,-0.22546430110457752,False,False,False,False,False,c002
community_v2/sihyun77/si_so100/2,community_v2,sihyun77/si_so100,2,Grasp a lego block and put it in the bin.,409,13.633333333333333,30.0,,state,6,0.15403422982885084,0.0,2.0999999999999996,0.0,1.8551136085369258,1.340909077499999,0.3231902440691834,so100,6,6,-0.4580369611009268,False,True,False,False,True,c003
fmb/118,fmb,,118,Pick up the purple object.,285,28.5,10.0,,state,7,0.0035087719298245615,0.0,0.1,0.0,0.3314003474910499,2.7062642404374366,3.505745966919667,franka,7,8,1.17061466920329,False,False,False,False,False,c004
community_v1/lirislab/guess_who_so100/73,community_v1,lirislab/guess_who_so100,73,,232,7.733333333333333,30.0,,state,5,0.15517241379310345,0.0,1.2,0.0,1.8579545315199177,1.0384615352662756,0.23483639587363228,so100,6,6,-1.214818025299564,False,True,False,False,True,c005
berkeley_autolab_ur5/905,berkeley_autolab_ur5,,905,put the ranch bottle into the pot,93,18.6,5.0,,state,7,0.03225806451612903,0.010752688172043012,0.6,0.20000000000000004,1.2771315484624088,1.8309099852275428,1.7646122765343144,ur5,7,8,0.13966672650516346,False,True,False,False,True,c006
community_v1/ganker5/so100_push_20250331/33,community_v1,ganker5/so100_push_20250331,33,Grasp a lego block and put it in the bin.,702,23.4,30.0,,state,5,0.08262108262108261,0.06837606837606838,1.9333333333333331,1.6,0.0,4.499999797500025,0.268005833996288,so100,6,6,-0.9077942271740811,False,False,False,False,False,c007
jaco_play/754,jaco_play,,754,place the black bowl in the sink,91,9.1,10.0,,state,7,0.01098901098901099,0.14285714285714285,0.1,1.2999999999999998,0.015269593742258825,2.1561658619868003,2.0924336017267793,jaco,7,8,-0.06815481962736804,False,False,False,False,False,c008
taco_play/928,taco_play,,928,turn on the green light,66,4.4,15.0,,state,7,0.015151515151515152,0.015151515151515152,0.06666666666666668,0.06666666666666668,0.08864090049865636,1.2292179440847593,0.36528789354242586,franka,7,7,0.8600936657668397,False,False,False,False,False,c009
community_v1/Loki0929/so100_duck/287,community_v1,Loki0929/so100_duck,287,"Grasp red, green, yellow ducks and put them in the box.",387,12.9,30.0,,state,6,0.17829457364341086,0.10335917312661498,2.3000000000000003,1.3333333333333333,0.0,1.0722263462516168,0.3128421061903276,so100,6,6,-0.4927795823103943,False,False,False,False,False,c010
berkeley_autolab_ur5/618,berkeley_autolab_ur5,,618,sweep the green cloth to the left side of the table,90,18.0,5.0,,state,7,0.011111111111111112,0.011111111111111112,0.2,0.2,2.24706281825496,1.819416462538664,0.7157793931470159,ur5,7,8,-1.1278568168828997,False,True,False,False,True,c011
roboturk/1636,roboturk,,1636,layout laundry,129,12.9,10.0,,action,6,0.007751937984496124,0.0,0.1,0.0,1.435757723988705,3.2350384567725228,4.689827128541344,sawyer,7,8,0.307034495527802,False,True,False,False,True,c012
fmb/793,fmb,,793,Pick up the purple object.,281,28.1,10.0,,state,7,0.0035587188612099642,0.0035587188612099642,0.1,0.1,0.6607106231370198,2.61964527587681,2.768350843789051,franka,7,8,-0.060674703108102676,False,False,False,False,False,c013
roboturk/1210,roboturk,,1210,create tower,173,17.3,10.0,,action,6,0.005780346820809248,0.0,0.1,0.0,1.2140220338926222,3.95892638754748,3.9063895898145087,sawyer,7,8,-0.17450067748589398,False,True,False,False,True,c014
taco_play/2400,taco_play,,2400,place the grasped pink object in the drawer,66,4.4,15.0,,state,7,0.015151515151515152,0.015151515151515152,0.06666666666666668,0.06666666666666668,1.929851912880084,1.1689499528565381,0.2996394454667892,franka,7,7,-0.16413744661327906,False,True,False,False,True,c015
community_v1/sihyun77/sihyun_main_2/15,community_v1,sihyun77/sihyun_main_2,15,Grasp a lego block and put it in the bin.,582,19.4,30.0,,state,6,0.3281786941580756,0.07731958762886598,6.366666666666666,1.5,0.0,1.3325270672490817,0.3198615270332427,so100,6,6,-0.42780624028802944,True,False,False,False,True,c016
taco_play/1479,taco_play,,1479,push the pink block towards the left,66,4.4,15.0,,state,7,0.015151515151515152,0.015151515151515152,0.06666666666666668,0.06666666666666668,1.1426118457751746,1.3771427631450406,0.24578923208007328,franka,7,7,-1.004295372287868,False,True,False,False,True,c017
community_v2/liyitenga/so100_bi_hello/8,community_v2,liyitenga/so100_bi_hello,8,test1,249,8.3,30.0,,state,11,0.5100401606425703,0.24096385542168675,4.233333333333333,2.0,0.0,2.9999998200000135,1.8259208797155229,so100,12,12,9.20260955877949,True,False,False,True,True,c018
community_v1/roboticshack/left-arm-grasp-lego-brick/21,community_v1,roboticshack/left-arm-grasp-lego-brick,21,Grasp the lego brick and put it in the box.,597,19.9,30.0,,state,6,0.06532663316582915,0.09212730318257957,1.3,1.8333333333333333,0.0,2.2499999100000037,0.4024238830146251,so100,6,6,0.33640954238084614,False,False,False,False,False,c019
jaco_play/668,jaco_play,,668,pick up the apple fruit,80,8.0,10.0,,state,7,0.0125,0.0,0.1,0.0,1.9561714761342839,6.701628353438351,2.358308347984295,jaco,7,8,0.57326816551937,False,True,False,False,True,c020
utaustin_mutex/541,utaustin_mutex,,541,"\nPlease locate the crimson dish within your space.\nMove your hand towards it gently.\nTenderly hold the bowl carefully using your fingers and raise it.\nWith caution, shift it towards the basket.\nKindly let loose of the dish to drop it in the basket.",158,7.9,20.0,,state,8,0.0189873417721519,0.0,0.15000000000000002,0.0,1.006526586321091,1.2899415760081734,46.02777608894399,franka,7,8,0.29261222045011825,False,True,False,False,True,c021
community_v2/liuhuanjim013/so100_th_1/90,community_v2,liuhuanjim013/so100_th_1,90,Grasp a lego figure and put it in the box.,392,13.066666666666666,30.0,,state,6,0.06887755102040816,0.02806122448979592,0.8999999999999999,0.36666666666666664,0.0,1.9040309138120233,0.444715128371888,so100,6,6,0.32321346580132393,False,False,False,False,False,c022
jaco_play/872,jaco_play,,872,place the orange fruit in the black bowl,45,4.5,10.0,,state,7,0.022222222222222223,0.0,0.1,0.0,0.3949004557758878,1.6382573763993296,2.337115490936484,jaco,7,8,0.5221403851538419,False,False,False,False,False,c023
roboturk/1752,roboturk,,1752,layout laundry,85,8.5,10.0,,action,6,0.011764705882352941,0.0,0.1,0.0,0.7503451772480294,2.5789879538121045,2.2392421346001523,sawyer,7,8,-1.199202837648659,False,False,False,False,False,c024
jaco_play/337,jaco_play,,337,pick up the yellow cup,57,5.7,10.0,,state,7,0.017543859649122806,0.0,0.09999999999999999,0.0,0.48113600483782687,3.6929798075273057,2.866008181953607,jaco,7,8,1.7980943201165722,False,False,False,False,False,c025
taco_play/2515,taco_play,,2515,go push the yellow block to the left,66,4.4,15.0,,state,7,0.015151515151515152,0.015151515151515152,0.06666666666666668,0.06666666666666668,1.4251592918807485,1.2912460053559394,0.26164412494703926,franka,7,7,-0.7569311918111203,False,True,False,False,True,c026
jaco_play/441,jaco_play,,441,place the black bowl in the table,50,5.0,10.0,,state,7,0.04,0.0,0.2,0.0,0.1402616404921176,1.7359890016403543,2.211752912560189,jaco,7,8,0.2197030894735183,False,False,False,False,False,c027
berkeley_autolab_ur5/962,berkeley_autolab_ur5,,962,pick up the blue cup and put it into the brown cup.,104,20.8,5.0,,state,7,0.057692307692307696,0.009615384615384616,1.2000000000000002,0.2,0.4620647979939674,2.307864798050057,1.8531295695120906,ur5,7,8,0.24664063495467514,False,False,False,False,False,c028
community_v2/liyitenga/so100_pick_taffy8/2,community_v2,liyitenga/so100_pick_taffy8,2,test1,592,19.733333333333334,30.0,,state,6,0.0033783783783783786,0.12162162162162163,0.06666666666666668,2.4000000000000004,0.0,2.1010100398898275,0.29217051989866444,so100,6,6,-0.6574543305529598,False,False,False,False,False,c029
berkeley_autolab_ur5/984,berkeley_autolab_ur5,,984,put the ranch bottle into the pot,85,17.0,5.0,,state,7,0.03529411764705882,0.011764705882352941,0.6,0.2,1.779782500657061,1.635929659337848,2.4991079706245376,ur5,7,8,1.0273110781675543,False,True,False,False,True,c030
jaco_play/732,jaco_play,,732,place the milk dairy in the white plate,70,7.0,10.0,,state,7,0.04285714285714286,0.0,0.3,0.0,0.27443114528843887,2.81938296846164,2.163007476216037,jaco,7,8,0.10210469499545571,False,False,False,False,False,c031
berkeley_autolab_ur5/604,berkeley_autolab_ur5,,604,sweep the green cloth to the left side of the table,74,14.8,5.0,,state,7,0.013513513513513514,0.013513513513513514,0.2,0.2,1.0110369872690304,1.1369888793569458,0.9132969424043555,ur5,7,8,-0.8891551629955468,False,True,False,False,True,c032
fmb/1419,fmb,,1419,Pick up the blue object.,111,11.1,10.0,,state,7,0.009009009009009009,0.0,0.09999999999999999,0.0,0.4681174481587842,2.779509543345544,2.1727887419730103,franka,7,8,-1.0551337977170507,False,False,False,False,False,c033
jaco_play/836,jaco_play,,836,place the green cup in the oven,74,7.4,10.0,,state,7,0.013513513513513514,0.10810810810810811,0.1,0.8,0.0005307470041830507,1.9528242058037086,2.4760013009972797,jaco,7,8,0.8572024854009808,False,False,False,False,False,c034
berkeley_autolab_ur5/794,berkeley_autolab_ur5,,794,put the ranch bottle into the pot,92,18.4,5.0,,state,7,0.03260869565217391,0.010869565217391304,0.6,0.19999999999999998,1.224471686486825,1.3633163681447913,1.5390516729816468,ur5,7,8,-0.13292519923659743,False,True,False,False,True,c035
fmb/635,fmb,,635,Pick up the red object.,130,13.0,10.0,,state,7,0.007692307692307693,0.0,0.1,0.0,0.39875560083147776,2.66322875022777,2.468165990088004,franka,7,8,-0.5619180779242375,False,False,False,False,False,c036
taco_play/527,taco_play,,527,move to the white box and store the yellow object,66,4.4,15.0,,state,7,0.015151515151515152,0.015151515151515152,0.06666666666666668,0.06666666666666668,0.4189433969162009,1.1700208171714137,0.2485516749376717,franka,7,7,-0.9611964110197405,False,False,False,False,False,c037
taco_play/1677,taco_play,,1677,turn off the blue light lamp,66,4.4,15.0,,state,7,0.015151515151515152,0.015151515151515152,0.06666666666666668,0.06666666666666668,0.6417282499296365,1.115238778706458,0.28104975188724246,franka,7,7,-0.4541693223378612,False,False,False,False,False,c038
berkeley_autolab_ur5/3,berkeley_autolab_ur5,,3,sweep the green cloth to the left side of the table,80,16.0,5.0,,state,7,0.0125,0.0125,0.2,0.2,0.7654847311350201,2.8181721054890225,1.199154280817419,ur5,7,8,-0.5436941155514323,False,False,False,False,False,c039
roboturk/1968,roboturk,,1968,object search,84,8.4,10.0,,action,6,0.011904761904761904,0.0,0.1,0.0,0.6766799088957578,3.3226658248341874,4.233817285952214,sawyer,7,8,0.026750787392049048,False,False,False,False,False,c040
roboturk/1474,roboturk,,1474,layout laundry,45,4.5,10.0,,action,6,0.022222222222222223,0.0,0.1,0.0,1.6668504167332134,3.132669839244001,3.6884594895672214,sawyer,7,8,-0.3084501033686635,False,True,False,False,True,c041
taco_play/1646,taco_play,,1646,place the yellow block inside the box,66,4.4,15.0,,state,7,0.015151515151515152,0.015151515151515152,0.06666666666666668,0.06666666666666668,1.039285094057868,0.9761286682838975,0.35150720303218297,franka,7,7,0.64509068573584,False,True,False,False,True,c042
roboturk/271,roboturk,,271,layout laundry,54,5.4,10.0,,action,6,0.018518518518518517,0.0,0.1,0.0,1.922900873867356,2.332241764023628,5.319252090650794,sawyer,7,8,0.6939067642744148,False,True,False,False,True,c043
community_v2/shreyasgite/so100_base_left/75,community_v2,shreyasgite/so100_base_left,75,Grasp a lego block and put it in the bin.,361,12.033333333333333,30.0,,state,6,0.08587257617728532,0.08033240997229917,1.0333333333333332,0.9666666666666666,0.0,1.8106637465203326,0.2986609836606049,so100,6,6,-0.6157289044074874,False,False,False,False,False,c044
community_v2/jchun/so100_pickplace_small_20250323_120056/9,community_v2,jchun/so100_pickplace_small_20250323_120056,9,Grasp items from white bowl and place in black tray,908,30.266666666666666,30.0,,state,12,0.025330396475770924,0.030837004405286344,0.7666666666666666,0.9333333333333333,0.0,5.1809521046348035,0.5615228496736778,so100,12,12,1.0741385348200607,False,False,False,False,False,c045
utaustin_mutex/1102,utaustin_mutex,,1102,"\nKindly guide your pinchers towards the book laid out on the table.\nEnsure a firm grip on the book using your pinchers.\nNow, move both the pinchers and the book to the foremost compartment of the rack.\nThen, gently free the book into the leading segment of the rack.",200,10.0,20.0,,state,8,0.015,0.0,0.15,0.0,0.5569105175316528,1.9646497942667227,25.322105894382034,franka,7,8,-1.1959883784067158,False,False,False,False,False,c046
jaco_play/813,jaco_play,,813,pick up the green cup,53,5.3,10.0,,state,7,0.03773584905660377,0.0,0.19999999999999998,0.0,1.0304298833158958,2.3497014473344033,1.7822082597241549,jaco,7,8,-0.8165736436655172,False,True,False,False,True,c047
berkeley_autolab_ur5/800,berkeley_autolab_ur5,,800,put the ranch bottle into the pot,118,23.6,5.0,,state,7,0.025423728813559324,0.00847457627118644,0.6000000000000001,0.2,1.3615843912722463,2.39100853308996,1.748401904526597,ur5,7,8,0.12007635277421964,False,True,False,False,True,c048
community_v1/FeiYjf/new_GtoR/82,community_v1,FeiYjf/new_GtoR,82,Move along the line on the paper from start to end.,248,8.266666666666667,30.0,,state,5,0.20967741935483872,0.11693548387096774,1.7333333333333336,0.9666666666666667,0.0,3.195530664988589,0.29264735264735214,so100,6,6,-0.6797067745059534,False,False,False,False,False,c049
jaco_play/891,jaco_play,,891,pick up the green cup,99,9.9,10.0,,state,7,0.020202020202020204,0.0,0.2,0.0,0.8770918936854146,2.8635327939203044,2.005803236385258,jaco,7,8,-0.277150628081818,False,False,False,False,False,c050
community_v1/therarelab/so100_pick_place_2/39,community_v1,therarelab/so100_pick_place_2,39,Pick a plaster roll and place it to the blue sticker.,445,14.833333333333334,30.0,,state,6,0.0696629213483146,0.1662921348314607,1.0333333333333332,2.466666666666667,0.0,1.6256168983624222,0.33170386751190356,so100,6,6,-0.3181908666718517,False,False,False,False,False,c051
community_v2/liuhuanjim013/so100_th_1/105,community_v2,liuhuanjim013/so100_th_1,105,Grasp a lego figure and put it in the box.,368,12.266666666666667,30.0,,state,6,0.08152173913043478,0.12228260869565218,1.0,1.5000000000000002,0.0,2.85714204096223,0.4953550834630251,so100,6,6,0.6487639632181004,False,False,False,False,False,c052
jaco_play/687,jaco_play,,687,place the steak meat in the sink,63,6.3,10.0,,state,7,0.06349206349206349,0.0,0.39999999999999997,0.0,0.12016824581748838,3.12081619665965,2.184426453716592,jaco,7,8,0.15377799108913606,False,False,False,False,False,c053
utaustin_mutex/81,utaustin_mutex,,81,"\nPosition your gripper near the granola bar, please.\nLightly grip the granola bar with your gripping tool.\nRelocate your gripper along with the granola bar toward the leading division of the caddy with caution.\nGently release the granola bar into the leading division of the caddy.",164,8.2,20.0,,state,8,0.018292682926829267,0.0,0.14999999999999997,0.0,0.0899468430296658,1.5100567942430105,38.035278709647834,franka,7,8,-0.28199542438268094,False,False,False,False,False,c054
community_v2/FeiYjf/Maklu_dataset/43,community_v2,FeiYjf/Maklu_dataset,43,Pick up the blue cube and place it on the paper.,630,21.0,30.0,,state,6,0.20476190476190476,0.12063492063492064,4.3,2.533333333333333,0.0,3.7828369179679724,0.41746897900717966,so100,6,6,0.14805538237867527,True,False,False,False,True,c055
utaustin_mutex/75,utaustin_mutex,,75,Please reach out your grabber to the yellow dish. Tenderly grip the yellow dish using your grabber. Set the yellow dish on the baking sheet. Posit your grabber on the rim of the baking sheet carrying the yellow dish. Mindfully slide the baking sheet with the yellow dish into the oven. Let go of your grabber's hold on the baking sheet's edge when it is entirely in the oven.,399,19.95,20.0,,state,8,0.005012531328320802,0.0,0.09999999999999999,0.0,1.1230925414409665,2.0134173989559665,50.5987623720905,franka,7,8,0.6212358706155372,False,True,False,False,True,c056
roboturk/514,roboturk,,514,object search,50,5.0,10.0,,action,6,0.02,0.0,0.1,0.0,0.37137958374187896,2.7163770036174144,6.509331342779303,sawyer,7,8,1.4253818216286995,False,False,False,False,False,c057
utaustin_mutex/225,utaustin_mutex,,225,"Kindly position your hand close to the oven tray's handle. Softly yet firmly grasp the handle using your hand. Slowly and with caution, draw the tray out until it is fully stretched out.",214,10.7,20.0,,state,8,0.1261682242990654,0.0,1.3499999999999999,0.0,0.566055453640118,1.8276375918953434,51.21323020305379,franka,7,8,0.6654120393922643,False,False,False,False,False,c058
utaustin_mutex/1470,utaustin_mutex,,1470,Please shift your gripper toward the book. Carefully hold the book with your gripper. Gently transport the book using your gripper to the caddy's front section. Safely let the book go into the caddy's front area.,207,10.35,20.0,,state,8,0.014492753623188406,0.0,0.15,0.0,0.08784288445313762,1.4063773549440945,30.34077410156054,franka,7,8,-0.835179361916548,False,False,False,False,False,c059
berkeley_autolab_ur5/52,berkeley_autolab_ur5,,52,take the tiger out of the red bowl and put it in the grey bowl,109,21.8,5.0,,state,7,0.01834862385321101,0.009174311926605505,0.4,0.2,3.279108256322433,3.071749107150382,1.4796882803772158,ur5,7,8,-0.20466636881024428,False,True,False,False,True,c060
fmb/233,fmb,,233,Pick up the yellow object.,161,16.1,10.0,,state,7,0.006211180124223602,0.006211180124223602,0.1,0.1,0.2564783839886513,4.5193807276369276,2.8744231094607255,franka,7,8,0.11644289547871234,False,False,False,False,False,c061
fmb/691,fmb,,691,Pick up the purple object.,294,29.4,10.0,,state,7,0.003401360544217687,0.0,0.09999999999999999,0.0,0.6254993527700078,3.038755733812491,3.6598785933309856,franka,7,8,1.4279826105872504,False,False,False,False,False,c062
utaustin_mutex/1330,utaustin_mutex,,1330,Extend the gripper towards the oven tray handle.\nGrasp the handle and carefully pull the tray out of the oven.\nMove the gripper above the red bowl.\nGrab the red bowl gently.\nLift the bowl and place it onto the oven tray.,411,20.55,20.0,,state,8,0.0072992700729927005,0.0072992700729927005,0.15,0.15,0.29890939588510146,1.7132691859226337,44.302629964339424,franka,7,8,0.1685856359410903,False,False,False,False,False,c063
taco_play/681,taco_play,,681,pick up the yellow block,66,4.4,15.0,,state,7,0.015151515151515152,0.015151515151515152,0.06666666666666668,0.06666666666666668,2.3671293663071733,1.2426771627944357,0.3039777466296845,franka,7,7,-0.0964523275257305,False,True,False,False,True,c064
community_v1/samsam0510/tooth_extraction_4/167,community_v1,samsam0510/tooth_extraction_4,167,Extarct the molar and put it somewhere.,192,6.4,30.0,,state,6,0.026041666666666668,0.0,0.16666666666666669,0.0,0.6182913405026473,1.1248465502993668,0.3706386202919337,so100,6,6,0.042197983853676804,False,False,False,False,False,c065
berkeley_autolab_ur5/710,berkeley_autolab_ur5,,710,pick up the blue cup and put it into the brown cup.,117,23.4,5.0,,state,7,0.03418803418803419,0.008547008547008548,0.8,0.2,0.5021841706851436,1.824898519785301,1.5837405945911227,ur5,7,8,-0.07891825383486989,False,False,False,False,False,c066
community_v1/isadev/bougies3/36,community_v1,isadev/bougies3,36,Grab the candle wick by the aluminium plate and place it in the box.,332,11.066666666666666,30.0,,state,6,0.1686746987951807,0.0,1.8666666666666665,0.0,2.291976203377359,1.3647642627310186,0.44200425058797266,so100,6,6,0.7027743490029877,False,True,False,False,True,c067
taco_play/215,taco_play,,215,"move to the drawer, then place the yellow object",66,4.4,15.0,,state,7,0.015151515151515152,0.015151515151515152,0.06666666666666668,0.06666666666666668,0.1816346727325361,1.0899606669525892,0.3611931050544981,franka,7,7,0.7962077721792342,False,False,False,False,False,c068
community_v2/liyitenga/so100_pick_taffy4/19,community_v2,liyitenga/so100_pick_taffy4,19,test1,976,32.53333333333333,30.0,,state,6,0.04610655737704918,0.4067622950819672,1.5,13.233333333333333,0.0,2.7190335196658473,0.36452509185551835,so100,6,6,-0.19230646759495568,True,False,False,False,True,c069
utaustin_mutex/246,utaustin_mutex,,246,"\nWith care, position your gripper close to the oven tray handle.\nMake sure to grip the handle tightly.\nDelicately and attentively pull the tray out from the oven.",205,10.25,20.0,,state,8,0.01951219512195122,0.0,0.2,0.0,0.8519516250349953,1.7120950113531586,30.9356058537846,franka,7,8,-0.7924148971945922,False,False,False,False,False,c070
community_v1/mikechambers/block_cup_14/10,community_v1,mikechambers/block_cup_14,10,Grasp a block and put it in a cup.,448,14.933333333333334,30.0,,state,6,0.17410714285714285,0.23883928571428573,2.6,3.566666666666667,0.0,1.3468733090379716,0.28860926608934295,so100,6,6,-0.7170842141723982,True,False,False,False,True,c071
roboturk/340,roboturk,,340,layout laundry,34,3.4,10.0,,action,6,0.029411764705882353,0.0,0.09999999999999999,0.0,2.1505967780891657,1.779666392890315,5.420752099501198,sawyer,7,8,0.7562931344783482,False,True,False,False,True,c072
utaustin_mutex/1018,utaustin_mutex,,1018,"\nPlease spot the blue cup positioned before you and pinpoint its location.\nCarefully open your gripper and guide it in the direction of the cup.\nSecure a firm hold on the blue cup using your gripper, ensuring not to crush or let it slip from your grasp.\nWith caution, shift the gripper carrying the cup above the baking sheet.\nTenderly set the cup down on the baking sheet, and unclasp your gripper to release the cup.",157,7.85,20.0,,state,8,0.012738853503184714,0.044585987261146494,0.1,0.35,0.030634115515489342,1.039342368227458,41.1500923570429,franka,7,8,-0.0580609456978276,False,False,False,False,False,c073
community_v2/hkphoooey/throw_stuffie/24,community_v2,hkphoooey/throw_stuffie,24,Grab stuffed animal and throw it on the dot.,285,9.5,30.0,,state,6,0.007017543859649123,0.29473684210526313,0.06666666666666667,2.8,0.0,1.5792207076218205,0.35577424780183076,so100,6,6,-0.24856326382172073,False,False,False,False,False,c074
fmb/524,fmb,,524,Pick up the blue object.,97,9.7,10.0,,state,7,0.010309278350515464,0.010309278350515464,0.09999999999999999,0.09999999999999999,0.5754677972405954,4.38817820549143,2.6924125917808737,franka,7,8,-0.1874750571063902,False,False,False,False,False,c075
berkeley_autolab_ur5/449,berkeley_autolab_ur5,,449,put the ranch bottle into the pot,95,19.0,5.0,,state,7,0.031578947368421054,0.010526315789473684,0.6,0.19999999999999998,1.5660782964424278,1.1450752023618662,2.1672553015444103,ur5,7,8,0.6262642787606134,False,True,False,False,True,c076
community_v1/lirislab/so100_demo/19,community_v1,lirislab/so100_demo,19,Put the banana into the red bowl.,702,23.4,30.0,,state,6,0.09829059829059829,0.09971509971509972,2.3,2.333333333333333,0.0,2.963120467534116,0.5446407222650367,so100,6,6,1.6528006727521136,False,False,False,False,False,c077
fmb/1127,fmb,,1127,Pick up the blue object.,135,13.5,10.0,,state,7,0.007407407407407408,0.007407407407407408,0.1,0.1,0.3163942278255026,3.045284444222251,3.8854133827599857,franka,7,8,1.8045766245691226,False,False,False,False,False,c078
roboturk/1026,roboturk,,1026,object search,193,19.3,10.0,,action,6,0.0051813471502590676,0.0,0.1,0.0,0.49663433490420955,3.520647747208504,3.8724213853425287,sawyer,7,8,-0.1953790301417561,False,False,False,False,False,c079
taco_play/431,taco_play,,431,put the pink object inside the left cabinet,66,4.4,15.0,,state,7,0.015151515151515152,0.015151515151515152,0.06666666666666668,0.06666666666666668,1.08185779708212,1.2094967855393133,0.3260615672095809,franka,7,7,0.24809406741859327,False,True,False,False,True,c080
roboturk/877,roboturk,,877,object search,93,9.3,10.0,,action,6,0.010752688172043012,0.0,0.10000000000000002,0.0,1.175514670765946,4.35433774598931,3.8719324572943634,sawyer,7,8,-0.19567954682703914,False,True,False,False,True,c081
community_v2/vaishanthr/toy_pickplace/39,community_v2,vaishanthr/toy_pickplace,39,pickup the toy and place it in white bin,189,12.6,15.0,,state,6,0.10582010582010581,0.08994708994708994,1.3333333333333333,1.1333333333333333,0.0,1.1732775837879945,0.4359459116300486,so100,6,6,0.26683855655972827,False,False,False,False,False,c082
jaco_play/243,jaco_play,,243,place the orange fruit in the gray bowl,66,6.6,10.0,,state,7,0.030303030303030304,0.0,0.19999999999999998,0.0,0.24155138244790347,2.471034535865605,2.3239561848647434,jaco,7,8,0.4903935513465413,False,False,False,False,False,c083
community_v1/Mwuqiu/so100_0408_muti/19,community_v1,Mwuqiu/so100_0408_muti,19,Grasp a yellow duck and put it in the box.,449,14.966666666666667,30.0,,state,6,0.08908685968819599,0.1403118040089087,1.3333333333333333,2.1,0.0,1.6463414393218234,0.29225854245949945,so100,6,6,-0.6833056892714972,False,False,False,False,False,c084
utaustin_mutex/975,utaustin_mutex,,975,\nDraw close to the oven tray handle and pull it smoothly until the tray is entirely removed.\nFind the blue cup before you and put it gently onto the wide-open tray.,462,23.1,20.0,,state,8,0.004329004329004329,0.0,0.1,0.0,0.14711032275891622,2.066498706188576,44.20944577385323,franka,7,8,0.1618863095991608,False,False,False,False,False,c085
community_v1/roboticshack/team13-two-balls-stacking/25,community_v1,roboticshack/team13-two-balls-stacking,25,Stack the balls on top of each other.,275,9.166666666666666,30.0,,state,6,0.08363636363636363,0.03636363636363636,0.7666666666666666,0.3333333333333333,0.0,1.3465327361913093,0.25252921829931824,so100,6,6,-1.051049271647282,False,False,False,False,False,c086
fmb/1655,fmb,,1655,Pick up the purple object.,255,25.5,10.0,,state,7,0.00392156862745098,0.00784313725490196,0.1,0.2,0.29796084564697,3.6966888718465163,3.3918891514272667,franka,7,8,0.9804985666098375,False,False,False,False,False,c087
roboturk/1931,roboturk,,1931,create tower,40,4.0,10.0,,action,6,0.025,0.0,0.1,0.0,0.5690848524853268,2.06818492620911,4.218710918316439,sawyer,7,8,0.017465749346868054,False,False,False,False,False,c088
fmb/53,fmb,,53,Pick up the blue object.,106,10.6,10.0,,state,7,0.009433962264150943,0.0,0.09999999999999999,0.0,1.2105652338873374,6.627276860007057,2.658868584394289,franka,7,8,-0.24348624907696773,False,True,False,False,True,c089
community_v2/dsfsg/grasp_pens/4,community_v2,dsfsg/grasp_pens,4,Grasp a lego block and put it in the bin.,1752,58.4,30.0,,state,6,0.0867579908675799,0.08333333333333333,5.066666666666666,4.866666666666666,0.0,2.027026988677871,0.46240244841423955,so100,6,6,0.4369204354736775,True,False,False,False,True,c090
berkeley_autolab_ur5/369,berkeley_autolab_ur5,,369,take the tiger out of the red bowl and put it in the grey bowl,89,17.8,5.0,,state,7,0.056179775280898875,0.011235955056179775,1.0,0.2,1.0877931658059896,1.6124748008348269,2.191822659054247,ur5,7,8,0.6559541412122759,False,True,False,False,True,c091
taco_play/1897,taco_play,,1897,put the yellow block on the table,66,4.4,15.0,,state,7,0.015151515151515152,0.015151515151515152,0.06666666666666668,0.06666666666666668,2.5660162320088773,1.157619743857686,0.3485727940113334,franka,7,7,0.5993087502338733,False,True,False,False,True,c092
utaustin_mutex/1181,utaustin_mutex,,1181,"Kindly position your hand close to the oven tray's handle. Softly yet firmly grasp the handle using your hand. Slowly and with caution, draw the tray out until it is fully stretched out.",202,10.1,20.0,,state,8,0.01485148514851485,0.0,0.15,0.0,1.766881285373516,1.8353133635116679,50.74462290327929,franka,7,8,0.6317222770943887,False,True,False,False,True,c093
taco_play/2875,taco_play,,2875,place the yellow object on the table,66,4.4,15.0,,state,7,0.015151515151515152,0.015151515151515152,0.06666666666666668,0.06666666666666668,3.0954436300810237,3.019680119903044,0.3432394289371133,franka,7,7,0.5160988861346637,False,True,False,False,True,c094
community_v2/Bartm3/tape_to_bin2/53,community_v2,Bartm3/tape_to_bin2,53,Grasp a tape and put it in the bin.,394,13.133333333333333,30.0,,state,6,0.14720812182741116,0.09898477157360407,1.9333333333333331,1.3,0.0,1.5392660503586426,0.33244306248870403,so100,6,6,-0.39855310821122997,False,False,False,False,False,c095
jaco_play/145,jaco_play,,145,pick up the orange fruit,53,5.3,10.0,,state,7,0.03773584905660377,0.0,0.19999999999999998,0.0,2.1580682252992673,2.5232151593648466,1.6744654155345668,jaco,7,8,-1.0765033200303025,False,True,False,False,True,c096
fmb/52,fmb,,52,Pick up the green object.,172,17.2,10.0,,state,7,0.005813953488372093,0.0,0.09999999999999999,0.0,0.6352705982692699,2.549280123408782,3.4500918609509235,franka,7,8,1.0776844245416801,False,False,False,False,False,c097
berkeley_autolab_ur5/947,berkeley_autolab_ur5,,947,take the tiger out of the red bowl and put it in the grey bowl,107,21.4,5.0,,state,7,0.028037383177570093,0.009345794392523364,0.6,0.19999999999999998,1.1848843245945129,2.2332779972167094,0.9773769624933789,ur5,7,8,-0.8117139086163929,False,True,False,False,True,c098
fmb/1283,fmb,,1283,Pick up the green object.,88,8.8,10.0,,state,7,0.011363636363636364,0.0,0.1,0.0,1.067702145805475,2.536110988926368,2.7519353479604525,franka,7,8,-0.0880850085481009,False,True,False,False,True,c099
